[
  {
    "Discord ID": "1417alex",
    "Wallet Address": "0xad157400965e7DbF837d6F0416839C6ef7033965",
    "TAG": "Poker",
    "Giza Points": 50
  },
  {
    "Discord ID": "ivan_crypton",
    "Wallet Address": "0xbE3E933A363c715E18c2457B6A6D3E1eb1D8F385",
    "TAG": "Poker",
    "Giza Points": 50
  },
  {
    "Discord ID": "walterwhite_81",
    "Wallet Address": "0x5bdAAf40Db107825f63F9980F1d8953429e9Ea98",
    "TAG": "Poker",
    "Giza Points": 100
  },
  {
    "Discord ID": "caiobarassa",
    "Wallet Address": "0xB49D3E5982012181D786E41D328Da427C6A1A915",
    "TAG": "Poker",
    "Giza Points": 50
  },
  {
    "Discord ID": "kurogawa_ashaf",
    "Wallet Address": "0xebf1fCdE2624827D9d60A9bBdBA91B557c2c6707",
    "TAG": "Poker",
    "Giza Points": 50
  },
  {
    "Discord ID": "maxong2003",
    "Wallet Address": "0xb991175200A225f124C7BB820751411144D03552",
    "TAG": "Arma Workshop",
    "Giza Points": 10
  },
  {
    "Discord ID": "nfcm",
    "Wallet Address": "0x5f1b654Bec9f996B3B0EebF8D22FD77751b99210",
    "TAG": "Arma Workshop",
    "Giza Points": 10
  },
  {
    "Discord ID": "arttechcomo",
    "Wallet Address": "0x20AED9A7F81DAd2B05daC70Fe9f1F83d205FeB5E",
    "TAG": "Arma Workshop",
    "Giza Points": 10
  },
  {
    "Discord ID": "3Aces",
    "Wallet Address": "0x4F32689ea73E087c5Ab494306AC36a24B3f220DC",
    "TAG": "Arma Workshop",
    "Giza Points": 20
  },
  {
    "Discord ID": "1st",
    "Wallet Address": "0xa7F053d0a4dF46577428B84Fb3A59e98775eE698",
    "TAG": "Poker",
    "Giza Points": 50
  },
  {
    "Discord ID": "3Aces",
    "Wallet Address": "0x4F32689ea73E087c5Ab494306AC36a24B3f220DC",
    "TAG": "Special Contribution",
    "Giza Points": 100
  },
  {
    "Discord ID": "imnomade_73542",
    "Wallet Address": "0x05b5bbc2a62d4c08c842b7112820bdec352c4f31",
    "TAG": "Special Contribution",
    "Giza Points": 100
  },
  {
    "Discord ID": "rifkiwillam333",
    "Wallet Address": "0x7C817F5E30aa68DB39B6130E7cA247C5C4746084",
    "TAG": "Special Contribution",
    "Giza Points": 100
  },
  {
    "Discord ID": "matbred.",
    "Wallet Address": "0xd7EfA77F8353B0d61cb61FBB5B4436Da5D76B61f",
    "TAG": "Meme Master",
    "Giza Points": 20
  },
  {
    "Discord ID": "lamarinade",
    "Wallet Address": "0x9BAb459DAf6dde623CCDFf1ed9Bd72Bff030AE34",
    "TAG": "Meme Master",
    "Giza Points": 20
  },
  {
    "Discord ID": "willihataway22",
    "Wallet Address": "0x9d8fCFE97Ff0D25545C43115e8F39927Dc7936C6",
    "TAG": "Special Contribution",
    "Giza Points": 100
  },
  {
    "Discord ID": "shosan.class",
    "Wallet Address": "0x27980Aef888e098F67145F567f449d5b19823C07",
    "TAG": "Oasis Gathering",
    "Giza Points": 20
  },
  {
    "Discord ID": "@Flax_man",
    "Wallet Address": "0xe9046C3ce344f442caEf7B3c3d6e9D4b0F666E51",
    "TAG": "Oasis Gathering",
    "Giza Points": 20
  },
  {
    "Discord ID": "@Mythage",
    "Wallet Address": "0xc2b5f67dA9F6A57469441F76c2f47982c6684c00",
    "TAG": "Oasis Gathering",
    "Giza Points": 20
  },
  {
    "Discord ID": "cybertradr",
    "Wallet Address": "0x93Ee59B236fD1Af89619B3B420E4F96718EFE1fa",
    "TAG": "Oasis Gathering",
    "Giza Points": 20
  },
  {
    "Discord ID": "@arpeking",
    "Wallet Address": "0x8494d7675e474c2FDBDc3EdAdC39A26109284894",
    "TAG": "Oasis Gathering",
    "Giza Points": 20
  },
  {
    "Discord ID": "Afterburner1234",
    "Wallet Address": "0x6649f9d8e679C760f831Da63652CE9849f6fB636",
    "TAG": "Oasis Gathering",
    "Giza Points": 20
  },
  {
    "Discord ID": "@eto_dhf",
    "Wallet Address": "0x4aa023ca41346cc2869ed4db7588fc58055074e9",
    "TAG": "Oasis Gathering",
    "Giza Points": 20
  },
  {
    "Discord ID": "@aryacht",
    "Wallet Address": "0x4B4047f5E21754bCb3cba528C4A044F1875C79Cf",
    "TAG": "Oasis Gathering",
    "Giza Points": 20
  },
  {
    "Discord ID": ".jimmyrussels",
    "Wallet Address": "0x86fF2348FEAdD4DaA47E28a1bb4ac6a50E73e144",
    "TAG": "Oasis Gathering",
    "Giza Points": 20
  },
  {
    "Discord ID": "agg_young_saviourfullforce",
    "Wallet Address": "0xd74de0C9eA59307ca8f1BEFFFB6f941947E93Be3",
    "TAG": "Oasis Gathering",
    "Giza Points": 20
  },
  {
    "Discord ID": "iulebedev",
    "Wallet Address": "0x4c84c1636b2d010730af425ffb5692a92e2e1167",
    "TAG": "Oasis Gathering",
    "Giza Points": 20
  },
  {
    "Discord ID": "@jyperlaze",
    "Wallet Address": "0xCC6154362AfbcA142f41473AEb502330A066e9B1",
    "TAG": "Oasis Gathering",
    "Giza Points": 20
  },
  {
    "Discord ID": "@mvpw",
    "Wallet Address": "0x140daad3f2ddf2cce32436ca6265c4bbd1ccef92",
    "TAG": "Oasis Gathering",
    "Giza Points": 20
  },
  {
    "Discord ID": "amba1982",
    "Wallet Address": "0x46dec74da990632c52080962a858567695da703a",
    "TAG": "Oasis Gathering",
    "Giza Points": 20
  },
  {
    "Discord ID": "freeky5470",
    "Wallet Address": "0x5db5618dfe85ea7bd4c91e44e782daec970d2733",
    "TAG": "Oasis Gathering",
    "Giza Points": 20
  },
  {
    "Discord ID": "@jyperlaze",
    "Wallet Address": "0xCC6154362AfbcA142f41473AEb502330A066e9B1",
    "TAG": "Oasis Gathering",
    "Giza Points": 20
  },
  {
    "Discord ID": "richard__chu",
    "Wallet Address": "0xa547a70F886E4F5c0115a4BbC79E359b8b635258",
    "TAG": "Oasis Gathering",
    "Giza Points": 20
  },
  {
    "Discord ID": "eliassoupee",
    "Wallet Address": "0x0f4F58220a75538Fb38b2dc87e87f464b1016736",
    "TAG": "Oasis Gathering",
    "Giza Points": 20
  },
  {
    "Discord ID": "imnomade_73542",
    "Wallet Address": "0x05b5BBc2A62D4C08C842b7112820bDec352c4F31",
    "TAG": "Oasis Gathering",
    "Giza Points": 20
  },
  {
    "Discord ID": "sneba1",
    "Wallet Address": "0x8D106c747CD21272D4C9Ff0Af8d53A9C9AcA25d2",
    "TAG": "Oasis Gathering",
    "Giza Points": 20
  },
  {
    "Discord ID": "@rockygp",
    "Wallet Address": "0xbA86E23E64828781A43b71647cC2D2a32BfE8890",
    "TAG": "Oasis Gathering",
    "Giza Points": 20
  },
  {
    "Discord ID": "@Br33zybail",
    "Wallet Address": "0x9d57fA8d8F66506E45342908AfAcAE592E3c2DA5",
    "TAG": "Oasis Gathering",
    "Giza Points": 20
  },
  {
    "Discord ID": "@Zavedey",
    "Wallet Address": "0x53F773f4456DC13Bd06e2b48B0E8665eE7a327DC",
    "TAG": "Oasis Gathering",
    "Giza Points": 20
  },
  {
    "Discord ID": "@3aces",
    "Wallet Address": "0x16c96d2451fee33cc1bbe38107ef4d37b91a35cb",
    "TAG": "Oasis Gathering",
    "Giza Points": 20
  },
  {
    "Discord ID": "freaky5470",
    "Wallet Address": "0x5db5618dfe85ea7bd4c91e44e782daec970d2733",
    "TAG": "Oasis Gathering",
    "Giza Points": 20
  },
  {
    "Discord ID": "encore94",
    "Wallet Address": "0x17736ded6d80472e94db70095D87118BfDD682Fd",
    "TAG": "Oasis Gathering",
    "Giza Points": 20
  },
  {
    "Discord ID": "nfcm",
    "Wallet Address": "0x5f1b654Bec9f996B3B0EebF8D22FD77751b99210",
    "TAG": "Oasis Gathering",
    "Giza Points": 20
  },
  {
    "Discord ID": "@nastybenzo",
    "Wallet Address": "0x76E36DbDE2E86a563953FA79A0a35839fF833Ab0",
    "TAG": "Oasis Gathering",
    "Giza Points": 20
  },
  {
    "Discord ID": "@lodefi31",
    "Wallet Address": "0x6b601039ADF1ae544Bb793d60f044Ee226f49820",
    "TAG": "Oasis Gathering",
    "Giza Points": 20
  },
  {
    "Discord ID": "@4kittt",
    "Wallet Address": "0x0fa837970fc4c4a3fdb49d40b3566b3038575967",
    "TAG": "Oasis Gathering",
    "Giza Points": 20
  },
  {
    "Discord ID": "@robiwone",
    "Wallet Address": "0x82BA907f0F242d85b9a56458A0852Cdbf9aCE457",
    "TAG": "Oasis Gathering",
    "Giza Points": 20
  },
  {
    "Discord ID": "@rifkiwiliam313",
    "Wallet Address": "0x7C817F5E30aa68DB39B6130E7cA247C5C4746084",
    "TAG": "Oasis Gathering",
    "Giza Points": 20
  },
  {
    "Discord ID": "@vyxoz",
    "Wallet Address": "0xBfA7349abbaa600bbEDAD185f7B08229d38E1f2D",
    "TAG": "Oasis Gathering",
    "Giza Points": 20
  },
  {
    "Discord ID": "truly_yobez",
    "Wallet Address": "0x3aFEeFe5FC2c139a3adA00C78E93c75e0e2e4f93",
    "TAG": "Oasis Gathering",
    "Giza Points": 20
  },
  {
    "Discord ID": "countrycousin",
    "Wallet Address": "0x05060aB771834Cd3f69733ffbb9795E6231D815b",
    "TAG": "Oasis Gathering",
    "Giza Points": 20
  },
  {
    "Discord ID": "nfcm",
    "Wallet Address": "0x5f1b654Bec9f996B3B0EebF8D22FD77751b99210",
    "TAG": "Special Contribution",
    "Giza Points": 50
  },
  {
    "Discord ID": "rifkiwillam333",
    "Wallet Address": "0x7C817F5E30aa68DB39B6130E7cA247C5C4746084",
    "TAG": "Special Contribution",
    "Giza Points": 100
  },
  {
    "Discord ID": "@Br33zybail",
    "Wallet Address": "0x9d57fA8d8F66506E45342908AfAcAE592E3c2DA5",
    "TAG": "Special Contribution",
    "Giza Points": 100
  },
  {
    "Discord ID": "countrycousin",
    "Wallet Address": "0x05060aB771834Cd3f69733ffbb9795E6231D815b",
    "TAG": "Special Contribution",
    "Giza Points": 100
  },
  {
    "Discord ID": ".3aces",
    "Wallet Address": "0x4F32689ea73E087c5Ab494306AC36a24B3f220DC",
    "TAG": "Content Champion",
    "Giza Points": 20
  },
  {
    "Discord ID": "mickaelxrp",
    "Wallet Address": "Not provided",
    "TAG": "Content Champion",
    "Giza Points": 20
  },
  {
    "Discord ID": "imnomade_73542",
    "Wallet Address": "0x05b5bbc2a62d4c08c842b7112820bdec352c4f31",
    "TAG": "Feedback",
    "Giza Points": 20
  },
  {
    "Discord ID": "@vyxoz",
    "Wallet Address": "0xBfA7349abbaa600bbEDAD185f7B08229d38E1f2D",
    "TAG": "Content Champion",
    "Giza Points": 20
  },
  {
    "Discord ID": "@chiron",
    "Wallet Address": "0x74B0A6d8C90f284C4798DD0294f064137cF9b514",
    "TAG": "Content Champion",
    "Giza Points": 20
  },
  {
    "Discord ID": "wilburnz",
    "Wallet Address": "0xbf3a4a6b6e186acc9b5e3a248991ed7ff79becd9",
    "TAG": "Content Champion",
    "Giza Points": 20
  },
  {
    "Discord ID": "@etodhf",
    "Wallet Address": "0x4AA023cA41346cc2869Ed4db7588fC58055074e9",
    "TAG": "Content Champion",
    "Giza Points": 20
  },
  {
    "Discord ID": "@geezy",
    "Wallet Address": "0x86fF2348FEAdD4DaA47E28a1bb4ac6a50E73e144",
    "TAG": "Content Champion",
    "Giza Points": 20
  },
  {
    "Discord ID": "willihataway22",
    "Wallet Address": "0x9d8fCFE97Ff0D25545C43115e8F39927Dc7936C6",
    "TAG": "Content Champion",
    "Giza Points": 20
  },
  {
    "Discord ID": "@Immanuel_Olivia",
    "Wallet Address": "Not provided",
    "TAG": "Content Champion",
    "Giza Points": 20
  },
  {
    "Discord ID": "imnomade_73542",
    "Wallet Address": "0x05b5bbc2a62d4c08c842b7112820bdec352c4f31",
    "TAG": "Content Champion",
    "Giza Points": 20
  },
  {
    "Discord ID": "LaMarinade.ip",
    "Wallet Address": "0x9BAb459DAf6dde623CCDFf1ed9Bd72Bff030AE34",
    "TAG": "Content Champion",
    "Giza Points": 20
  },
  {
    "Discord ID": "@Shosan",
    "Wallet Address": "Not provided",
    "TAG": "Content Champion",
    "Giza Points": 20
  },
  {
    "Discord ID": "@Robiwone",
    "Wallet Address": "0x82BA907f0F242d85b9a56458A0852Cdbf9aCE457",
    "TAG": "Content Champion",
    "Giza Points": 20
  },
  {
    "Discord ID": "encore94",
    "Wallet Address": "0x17736ded6d80472e94db70095D87118BfDD682Fd",
    "TAG": "Meme Master",
    "Giza Points": 50
  },
  {
    "Discord ID": "Bboat",
    "Wallet Address": "0xC8BaeB428b9afA07DB04201f826B267cA379c0Fb",
    "TAG": "Feedback",
    "Giza Points": 50
  },
  {
    "Discord ID": "@Br33zybail",
    "Wallet Address": "0x9d57fA8d8F66506E45342908AfAcAE592E3c2DA5",
    "TAG": "Special Contribution",
    "Giza Points": 100
  },
  {
    "Discord ID": "uniloc.",
    "Wallet Address": "0x6b829179CE2d8Cf88a6DF95137e5599330E89E21",
    "TAG": "Special Contribution",
    "Giza Points": 200
  },
  {
    "Discord ID": "@Mythage",
    "Wallet Address": "0xc2b5f67dA9F6A57469441F76c2f47982c6684c00",
    "TAG": "Meme Master",
    "Giza Points": 20
  },
  {
    "Discord ID": "dadou13",
    "Wallet Address": "0x8f834b0c0f8828be9de100354e8600b4ec1d72a8",
    "TAG": "Feedback",
    "Giza Points": 40
  },
  {
    "Discord ID": "uniloc.",
    "Wallet Address": "0x6b829179CE2d8Cf88a6DF95137e5599330E89E21",
    "TAG": "Feedback",
    "Giza Points": 40
  },
  {
    "Discord ID": "@focus1110z",
    "Wallet Address": "0xf9912b2Ba49B5F73978c7Ea3e712c650c9214EF5",
    "TAG": "Feedback",
    "Giza Points": 40
  },
  {
    "Discord ID": "uniloc.",
    "Wallet Address": "0x6b829179CE2d8Cf88a6DF95137e5599330E89E21",
    "TAG": "Special Contribution",
    "Giza Points": 20
  },
  {
    "Discord ID": "@Br33zybail",
    "Wallet Address": "0x9d57fA8d8F66506E45342908AfAcAE592E3c2DA5",
    "TAG": "Special Contribution",
    "Giza Points": 20
  },
  {
    "Discord ID": "countrycousin",
    "Wallet Address": "0x05060aB771834Cd3f69733ffbb9795E6231D815b",
    "TAG": "Special Contribution",
    "Giza Points": 20
  },
  {
    "Discord ID": "rifkiwillam333",
    "Wallet Address": "0x7C817F5E30aa68DB39B6130E7cA247C5C4746084",
    "TAG": "Special Contribution",
    "Giza Points": 20
  },
  {
    "Discord ID": "kdubb",
    "Wallet Address": "0x7161E23310963fbb22452953D5737cF6b0D85e73",
    "TAG": "Weekly Giveaway",
    "Giza Points": 40
  },
  {
    "Discord ID": "robiwone",
    "Wallet Address": "0x82BA907f0F242d85b9a56458A0852Cdbf9aCE457",
    "TAG": "Weekly Giveaway",
    "Giza Points": 40
  },
  {
    "Discord ID": "@chironthetrader",
    "Wallet Address": "0x74B0A6d8C90f284C4798DD0294f064137cF9b514",
    "TAG": "Content Champion",
    "Giza Points": 40
  },
  {
    "Discord ID": "luffynance",
    "Wallet Address": "0x7700FbB6fb82c965dFB4Ea8f8DB8922669d747f2",
    "TAG": "Content Champion",
    "Giza Points": 40
  },
  {
    "Discord ID": "benjaminplusde10",
    "Wallet Address": "0xc2f2aA8Fa18Df47f03C73A674Deb422108bc3b76",
    "TAG": "Special Contribution",
    "Giza Points": 50
  },
  {
    "Discord ID": "1st",
    "Wallet Address": "0xa7F053d0a4dF46577428B84Fb3A59e98775eE698",
    "TAG": "Poker",
    "Giza Points": 50
  },
  {
    "Discord ID": "@robiwone",
    "Wallet Address": "0x82BA907f0F242d85b9a56458A0852Cdbf9aCE457",
    "TAG": "Poker",
    "Giza Points": 50
  },
  {
    "Discord ID": "@Mythage",
    "Wallet Address": "0xc2b5f67dA9F6A57469441F76c2f47982c6684c00",
    "TAG": "Content Champion",
    "Giza Points": 40
  },
  {
    "Discord ID": "dadou13",
    "Wallet Address": "0x8f834b0c0f8828be9de100354e8600b4ec1d72a8",
    "TAG": "Content Champion",
    "Giza Points": 40
  },
  {
    "Discord ID": "@denis__reva",
    "Wallet Address": "0x44B35701806Fa3CB65ad7352e9FC5e5aFa322579",
    "TAG": "Content Champion",
    "Giza Points": 40
  },
  {
    "Discord ID": "mickaelxrp",
    "Wallet Address": "0x08Aaa30a8a9BB3320ec82BD254AE08211dC24152",
    "TAG": "Content Champion",
    "Giza Points": 40
  },
  {
    "Discord ID": "@Mythage",
    "Wallet Address": "0xc2b5f67dA9F6A57469441F76c2f47982c6684c00",
    "TAG": "Meme Master",
    "Giza Points": 20
  },
  {
    "Discord ID": "@charlesant",
    "Wallet Address": "0x59bA902861dbEAdB8bcdFd6096292169B3310f15",
    "TAG": "Meme Master",
    "Giza Points": 20
  },
  {
    "Discord ID": "@denis__reva",
    "Wallet Address": "0x44B35701806Fa3CB65ad7352e9FC5e5aFa322579",
    "TAG": "Feedback",
    "Giza Points": 40
  },
  {
    "Discord ID": "LaMarinade.ip",
    "Wallet Address": "0x9BAb459DAf6dde623CCDFf1ed9Bd72Bff030AE34",
    "TAG": "Weekly Giveaway",
    "Giza Points": 40
  },
  {
    "Discord ID": "@eto_dhf",
    "Wallet Address": "0x4AA023cA41346cc2869Ed4db7588fC58055074e9",
    "TAG": "Weekly Giveaway",
    "Giza Points": 40
  },
  {
    "Discord ID": "@heavyvetal1",
    "Wallet Address": "0xD63b6969a8814fbf6EeD9bC0c306aeA4814b2f69",
    "TAG": "Arma Workshop",
    "Giza Points": 10
  },
  {
    "Discord ID": "@tung6913",
    "Wallet Address": "0x4ed718cbed23fcb423e5eea37e22519ebfde8b56",
    "TAG": "Arma Workshop",
    "Giza Points": 10
  },
  {
    "Discord ID": "@bboat",
    "Wallet Address": "0xC8BaeB428b9afA07DB04201f826B267cA379c0Fb",
    "TAG": "Arma Workshop",
    "Giza Points": 10
  },
  {
    "Discord ID": "@madlaboratoor",
    "Wallet Address": "0xbf79E0A92bCe5504cFea5Ba61359E90C6892DF2d",
    "TAG": "Arma Workshop",
    "Giza Points": 10
  },
  {
    "Discord ID": "@nevdaboss",
    "Wallet Address": "0xdd150D4d2BeFbc891699A492cc3777BD4F99b5dF",
    "TAG": "Arma Workshop",
    "Giza Points": 10
  },
  {
    "Discord ID": "chengal9",
    "Wallet Address": "0x9Bf0EA70Fa1f3Db7FC78acb56069E9C260c3DB99",
    "TAG": "Arma Workshop",
    "Giza Points": 10
  },
  {
    "Discord ID": "@arttechcomo",
    "Wallet Address": "0x20AED9A7F81DAd2B05daC70Fe9f1F83d205FeB5E",
    "TAG": "Arma Workshop",
    "Giza Points": 10
  },
  {
    "Discord ID": "@truly_yobez",
    "Wallet Address": "0x3aFEeFe5FC2c139a3adA00C78E93c75e0e2e4f93",
    "TAG": "Arma Workshop",
    "Giza Points": 10
  },
  {
    "Discord ID": "monetdita",
    "Wallet Address": "0x0043a21B247db3ce6b4f2bB1E69cDb0eeA2e459a",
    "TAG": "Arma Workshop",
    "Giza Points": 10
  },
  {
    "Discord ID": "imnomade_73542",
    "Wallet Address": "0x05b5BBc2A62D4C08C842b7112820bDec352c4F31",
    "TAG": "Arma Workshop",
    "Giza Points": 10
  },
  {
    "Discord ID": "hodleng",
    "Wallet Address": "0x74158375Fa0CCe7EDf469F426e0a5B03dDA278a6",
    "TAG": "Arma Workshop",
    "Giza Points": 10
  },
  {
    "Discord ID": "@aryacht",
    "Wallet Address": "0x4b4047f5e21754bcb3cba528c4a044f1875c79cf",
    "TAG": "Arma Workshop",
    "Giza Points": 10
  },
  {
    "Discord ID": "@ssouka",
    "Wallet Address": "0x40aa4017954a22139919423Cf8E15324DD0202De",
    "TAG": "Arma Workshop",
    "Giza Points": 10
  },
  {
    "Discord ID": "@3aces",
    "Wallet Address": "0x4F32689ea73E087c5Ab494306AC36a24B3f220DC",
    "TAG": "Arma Workshop",
    "Giza Points": 10
  },
  {
    "Discord ID": "@mvpw",
    "Wallet Address": "0x140daad3f2ddf2cce32436ca6265c4bbd1ccef92",
    "TAG": "Arma Workshop",
    "Giza Points": 10
  },
  {
    "Discord ID": "@dadou13",
    "Wallet Address": "0x8f834b0c0f8828be9de100354e8600b4ec1d72a8",
    "TAG": "Arma Workshop",
    "Giza Points": 10
  },
  {
    "Discord ID": "myth8445",
    "Wallet Address": "0xc2b5f67dA9F6A57469441F76c2f47982c6684c00",
    "TAG": "Arma Workshop",
    "Giza Points": 10
  },
  {
    "Discord ID": "@daemor0",
    "Wallet Address": "0x1aDdb109E38f29AdB8dF6c576Eb47c2159645d7e",
    "TAG": "Arma Workshop",
    "Giza Points": 10
  },
  {
    "Discord ID": "@nfcm",
    "Wallet Address": "0x5f1b654Bec9f996B3B0EebF8D22FD77751b99210",
    "TAG": "Arma Workshop",
    "Giza Points": 10
  },
  {
    "Discord ID": "0xsimony",
    "Wallet Address": "0x10C4d4b3c3b52a69d1D2f87bF7fcd6c66f51cd91",
    "TAG": "Content Champion",
    "Giza Points": 40
  },
  {
    "Discord ID": "@rockygp",
    "Wallet Address": "0xbA86E23E64828781A43b71647cC2D2a32BfE8890",
    "TAG": "Content Champion",
    "Giza Points": 40
  },
  {
    "Discord ID": "shosan.class",
    "Wallet Address": "0x27980Aef888e098F67145F567f449d5b19823C07",
    "TAG": "Content Champion",
    "Giza Points": 40
  },
  {
    "Discord ID": "gored_bamer",
    "Wallet Address": "0x5c8b80428ada9e438bcb2a5ee0c93000c745b706",
    "TAG": "Content Champion",
    "Giza Points": 40
  },
  {
    "Discord ID": "@rockygp",
    "Wallet Address": "0xbA86E23E64828781A43b71647cC2D2a32BfE8890",
    "TAG": "Meme Master",
    "Giza Points": 20
  },
  {
    "Discord ID": "hodleng",
    "Wallet Address": "0x74158375Fa0CCe7EDf469F426e0a5B03dDA278a6",
    "TAG": "Meme Master",
    "Giza Points": 20
  },
  {
    "Discord ID": "@charlesant",
    "Wallet Address": "0x59bA902861dbEAdB8bcdFd6096292169B3310f15",
    "TAG": "Meme Master",
    "Giza Points": 20
  },
  {
    "Discord ID": "@Robiwone",
    "Wallet Address": "0x82BA907f0F242d85b9a56458A0852Cdbf9aCE457",
    "TAG": "Feedback",
    "Giza Points": 40
  },
  {
    "Discord ID": "rifkiwillam333",
    "Wallet Address": "0x7C817F5E30aa68DB39B6130E7cA247C5C4746084",
    "TAG": "Weekly Giveaway",
    "Giza Points": 40
  },
  {
    "Discord ID": "willihataway22",
    "Wallet Address": "0x9d8fCFE97Ff0D25545C43115e8F39927Dc7936C6",
    "TAG": "Weekly Giveaway",
    "Giza Points": 40
  },
  {
    "Discord ID": "@Br33zybail",
    "Wallet Address": "0x9d57fA8d8F66506E45342908AfAcAE592E3c2DA5",
    "TAG": "Engage",
    "Giza Points": 20
  },
  {
    "Discord ID": "countrycousin",
    "Wallet Address": "0x05060aB771834Cd3f69733ffbb9795E6231D815b",
    "TAG": "Engage",
    "Giza Points": 20
  },
  {
    "Discord ID": "rifkiwillam333",
    "Wallet Address": "0x7C817F5E30aa68DB39B6130E7cA247C5C4746084",
    "TAG": "Coinbase Content",
    "Giza Points": 10
  },
  {
    "Discord ID": "@dav_id01",
    "Wallet Address": "0x5A262E39fba10D8a13FEaDcCAd4CB7F536ffcD4B",
    "TAG": "Coinbase Content",
    "Giza Points": 10
  },
  {
    "Discord ID": "@vyxoz",
    "Wallet Address": "0xBfA7349abbaa600bbEDAD185f7B08229d38E1f2D",
    "TAG": "Coinbase Content",
    "Giza Points": 10
  },
  {
    "Discord ID": "mickaelxrp",
    "Wallet Address": "0x08Aaa30a8a9BB3320ec82BD254AE08211dC24152",
    "TAG": "Coinbase Content",
    "Giza Points": 10
  },
  {
    "Discord ID": "LaMarinade.ip",
    "Wallet Address": "0x9BAb459DAf6dde623CCDFf1ed9Bd72Bff030AE34",
    "TAG": "Coinbase Content",
    "Giza Points": 10
  },
  {
    "Discord ID": "@heavyvetal1",
    "Wallet Address": "0xD63b6969a8814fbf6EeD9bC0c306aeA4814b2f69",
    "TAG": "Coinbase Content",
    "Giza Points": 10
  },
  {
    "Discord ID": "@rockygp",
    "Wallet Address": "0xbA86E23E64828781A43b71647cC2D2a32BfE8890",
    "TAG": "Coinbase Content",
    "Giza Points": 10
  },
  {
    "Discord ID": "countrycousin",
    "Wallet Address": "0x05060aB771834Cd3f69733ffbb9795E6231D815b",
    "TAG": "Coinbase Content",
    "Giza Points": 10
  },
  {
    "Discord ID": "@Immanuel_Olivia",
    "Wallet Address": "0xe26a65979aaEd471BD606030B6ffdA3B5F111e86",
    "TAG": "Article",
    "Giza Points": 20
  },
  {
    "Discord ID": "crypticpoet",
    "Wallet Address": "Not provided",
    "TAG": "Content Champion",
    "Giza Points": 40
  },
  {
    "Discord ID": "@alooooga",
    "Wallet Address": "0xfbC6195c6F2ED6Db9b58b1c3fcc08F4798a1A92b",
    "TAG": "Content Champion",
    "Giza Points": 40
  },
  {
    "Discord ID": "couragedefi",
    "Wallet Address": "0x7a6036C222fD3BB41a0411a8C74e2e88903B6fB6",
    "TAG": "Meme Master",
    "Giza Points": 20
  },
  {
    "Discord ID": "imnomade_73542",
    "Wallet Address": "0x05b5BBc2A62D4C08C842b7112820bDec352c4F31",
    "TAG": "FeedBack",
    "Giza Points": 40
  },
  {
    "Discord ID": "@ronpk09",
    "Wallet Address": "0xB21EfA3C5f1968F51F36D9c8Ef5bB0FE29BB3724",
    "TAG": "Weekly Giveaway",
    "Giza Points": 40
  },
  {
    "Discord ID": "@schlummer",
    "Wallet Address": "0xd0C7a59e3Ce5a289b553ebF7659F5C3316eCFBB9",
    "TAG": "Weekly Giveaway",
    "Giza Points": 40
  },
  {
    "Discord ID": "countrycousin",
    "Wallet Address": "0x05060aB771834Cd3f69733ffbb9795E6231D815b",
    "TAG": "Engage",
    "Giza Points": 20
  },
  {
    "Discord ID": "@ssouka",
    "Wallet Address": "0x40aa4017954a22139919423Cf8E15324DD0202De",
    "TAG": "Engage",
    "Giza Points": 20
  },
  {
    "Discord ID": "imnomade_73542",
    "Wallet Address": "0x05b5BBc2A62D4C08C842b7112820bDec352c4F31",
    "TAG": "Oasis Gathering",
    "Giza Points": 20
  },
  {
    "Discord ID": "myth8445",
    "Wallet Address": "0xc2b5f67dA9F6A57469441F76c2f47982c6684c00",
    "TAG": "Oasis Gathering",
    "Giza Points": 20
  },
  {
    "Discord ID": "@greenzombie",
    "Wallet Address": "0x4266fd6fc140c48c1130c5ce5313fa827e6c0dfa",
    "TAG": "Oasis Gathering",
    "Giza Points": 20
  },
  {
    "Discord ID": "@truly_yobez",
    "Wallet Address": "0x3aFEeFe5FC2c139a3adA00C78E93c75e0e2e4f93",
    "TAG": "Oasis Gathering",
    "Giza Points": 20
  },
  {
    "Discord ID": "@eega5247",
    "Wallet Address": "0x9a0F62b9A86187A03f4459D3130e9792eEE8aEB9",
    "TAG": "Oasis Gathering",
    "Giza Points": 20
  },
  {
    "Discord ID": "Afterburner1234",
    "Wallet Address": "0x6649f9d8e679C760f831Da63652CE9849f6fB636",
    "TAG": "Oasis Gathering",
    "Giza Points": 20
  },
  {
    "Discord ID": "@dadou13",
    "Wallet Address": "0x8f834b0c0f8828be9de100354e8600b4ec1d72a8",
    "TAG": "Oasis Gathering",
    "Giza Points": 20
  },
  {
    "Discord ID": "Teazy34",
    "Wallet Address": "0x698a00c4546432b2ad17629ee68b95783800321d",
    "TAG": "Oasis Gathering",
    "Giza Points": 20
  },
  {
    "Discord ID": "@kdubb",
    "Wallet Address": "0x7161E23310963fbb22452953D5737cF6b0D85e73",
    "TAG": "Oasis Gathering",
    "Giza Points": 20
  },
  {
    "Discord ID": "niel_0824",
    "Wallet Address": "0x2e2b61b8623be05d60225d17077ffea23804d925",
    "TAG": "Oasis Gathering",
    "Giza Points": 20
  },
  {
    "Discord ID": "@eto_dhf",
    "Wallet Address": "0x4aa023ca41346cc2869ed4db7588fc58055074e9",
    "TAG": "Oasis Gathering",
    "Giza Points": 20
  },
  {
    "Discord ID": "sillassie",
    "Wallet Address": "0x59130b92CbCAB0B0c95DAF4d751D3C0c9f08dC17",
    "TAG": "Oasis Gathering",
    "Giza Points": 20
  },
  {
    "Discord ID": "@daemor0",
    "Wallet Address": "0x1addb109e38f29adb8df6c576eb47c2159645d7e",
    "TAG": "Oasis Gathering",
    "Giza Points": 20
  },
  {
    "Discord ID": "Cheatcode4987",
    "Wallet Address": "0xFeb623adaF1821dE8a0689d544c672269D736743",
    "TAG": "Oasis Gathering",
    "Giza Points": 20
  },
  {
    "Discord ID": "raizo007.",
    "Wallet Address": "0x7aB37A8B9484d3760c16F0502BF197EdBF0e6b9a",
    "TAG": "Oasis Gathering",
    "Giza Points": 20
  },
  {
    "Discord ID": "@rifkiwiliam313",
    "Wallet Address": "0x7C817F5E30aa68DB39B6130E7cA247C5C4746084",
    "TAG": "Oasis Gathering",
    "Giza Points": 20
  },
  {
    "Discord ID": "@bob887880",
    "Wallet Address": "0xa78Ee8Ffc49C33D6Ae678e393986acff253C252e",
    "TAG": "Oasis Gathering",
    "Giza Points": 20
  },
  {
    "Discord ID": "@couragedefi",
    "Wallet Address": "0x7a6036c222fd3bb41a0411a8c74e2e88903b6fb6",
    "TAG": "Oasis Gathering",
    "Giza Points": 20
  },
  {
    "Discord ID": "@countrycousin6",
    "Wallet Address": "0x05060aB771834Cd3f69733ffbb9795E6231D815b",
    "TAG": "Oasis Gathering",
    "Giza Points": 20
  },
  {
    "Discord ID": "Carter.jpg",
    "Wallet Address": "0xFfbb2244cDA36A21D029aa7a66D52D97b28e5fa9",
    "TAG": "Oasis Gathering",
    "Giza Points": 20
  },
  {
    "Discord ID": "@uniloc.",
    "Wallet Address": "0x6b829179CE2d8Cf88a6DF95137e5599330E89E21",
    "TAG": "Oasis Gathering",
    "Giza Points": 20
  },
  {
    "Discord ID": "@_akin_",
    "Wallet Address": "0xb5018bc174321ffe9e0a38d262e9a448fbd21cdb",
    "TAG": "Oasis Gathering",
    "Giza Points": 20
  },
  {
    "Discord ID": "@aryacht",
    "Wallet Address": "0x4b4047f5e21754bcb3cba528c4a044f1875c79cf",
    "TAG": "Oasis Gathering",
    "Giza Points": 20
  },
  {
    "Discord ID": "@hodleng",
    "Wallet Address": "0x74158375Fa0CCe7EDf469F426e0a5B03dDA278a6",
    "TAG": "Oasis Gathering",
    "Giza Points": 20
  },
  {
    "Discord ID": "@gogxbigtime4558",
    "Wallet Address": "0xdd559e62c075d4146f4806d1ad22933bfd6e5201",
    "TAG": "Oasis Gathering",
    "Giza Points": 20
  },
  {
    "Discord ID": "@nicolas8040",
    "Wallet Address": "0x9b2500B92D7eB5F902C61ADcA7b66c297d73960e",
    "TAG": "Oasis Gathering",
    "Giza Points": 20
  },
  {
    "Discord ID": "@chengal9",
    "Wallet Address": "0x9Bf0EA70Fa1f3Db7FC78acb56069E9C260c3DB99",
    "TAG": "Oasis Gathering",
    "Giza Points": 20
  },
  {
    "Discord ID": "@mvpw",
    "Wallet Address": "0x140daad3f2ddf2cce32436ca6265c4bbd1ccef92",
    "TAG": "Oasis Gathering",
    "Giza Points": 20
  },
  {
    "Discord ID": "@huntdp",
    "Wallet Address": "0x97c72763dF3F670A890Fd9d01035190F92584F7A",
    "TAG": "Oasis Gathering",
    "Giza Points": 20
  },
  {
    "Discord ID": "@madlaboratoor",
    "Wallet Address": "0xbf79E0A92bCe5504cFea5Ba61359E90C6892DF2d",
    "TAG": "Oasis Gathering",
    "Giza Points": 20
  },
  {
    "Discord ID": "@siriustheog",
    "Wallet Address": "0xB9cBE4c2f6400118ABdA5f3c79fC2295F625Fa27",
    "TAG": "Oasis Gathering",
    "Giza Points": 20
  },
  {
    "Discord ID": "@ssouka",
    "Wallet Address": "0x40aa4017954a22139919423cf8e15324dd0202de",
    "TAG": "Oasis Gathering",
    "Giza Points": 20
  },
  {
    "Discord ID": "@deepmaniac99",
    "Wallet Address": "0x0afc1b3ed13eb96f6c5ed6af13b1fa29696a4c61",
    "TAG": "Oasis Gathering",
    "Giza Points": 20
  },
  {
    "Discord ID": "degencoder69_56136",
    "Wallet Address": "0x70eb07ea4ba7e7c9cca0c36a798d94fe52bf5ade",
    "TAG": "Oasis Gathering",
    "Giza Points": 20
  },
  {
    "Discord ID": "@countrycousin6",
    "Wallet Address": "0x05060aB771834Cd3f69733ffbb9795E6231D815b",
    "TAG": "Monthly Rewards (XP)",
    "Giza Points": 50
  },
  {
    "Discord ID": "@Br33zy",
    "Wallet Address": "0x9d57fA8d8F66506E45342908AfAcAE592E3c2DA5",
    "TAG": "Monthly Rewards (XP)",
    "Giza Points": 50
  },
  {
    "Discord ID": "@rifkiwiliam313",
    "Wallet Address": "0x7C817F5E30aa68DB39B6130E7cA247C5C4746084",
    "TAG": "Monthly Rewards (XP)",
    "Giza Points": 50
  },
  {
    "Discord ID": "myth8445",
    "Wallet Address": "0xc2b5f67dA9F6A57469441F76c2f47982c6684c00",
    "TAG": "Monthly Rewards (XP)",
    "Giza Points": 50
  },
  {
    "Discord ID": "@uniloc.",
    "Wallet Address": "0x6b829179CE2d8Cf88a6DF95137e5599330E89E21",
    "TAG": "Monthly Rewards (XP)",
    "Giza Points": 50
  },
  {
    "Discord ID": "@chiron",
    "Wallet Address": "0x74B0A6d8C90f284C4798DD0294f064137cF9b514",
    "TAG": "Monthly Rewards (raid)",
    "Giza Points": 50
  },
  {
    "Discord ID": "@Simony",
    "Wallet Address": "0x10C4d4b3c3b52a69d1D2f87bF7fcd6c66f51cd91",
    "TAG": "Monthly Rewards (raid)",
    "Giza Points": 50
  },
  {
    "Discord ID": "myth8445",
    "Wallet Address": "0xc2b5f67dA9F6A57469441F76c2f47982c6684c00",
    "TAG": "Monthly Rewards (raid)",
    "Giza Points": 50
  },
  {
    "Discord ID": "@Alooooga",
    "Wallet Address": "0xfbC6195c6F2ED6Db9b58b1c3fcc08F4798a1A92b",
    "TAG": "Monthly Rewards (raid)",
    "Giza Points": 50
  },
  {
    "Discord ID": "@pheonixscribe",
    "Wallet Address": "0x93Ee59B236fD1Af89619B3B420E4F96718EFE1fa",
    "TAG": "Monthly Rewards (raid)",
    "Giza Points": 50
  },
  {
    "Discord ID": "@dadou13",
    "Wallet Address": "0x8f834b0c0f8828be9de100354e8600b4ec1d72a8",
    "TAG": "Monthly Rewards (feedback)",
    "Giza Points": 50
  },
  {
    "Discord ID": "@daemor0",
    "Wallet Address": "0x1addb109e38f29adb8df6c576eb47c2159645d7e",
    "TAG": "Monthly Rewards (feedback)",
    "Giza Points": 50
  },
  {
    "Discord ID": "@0xsimony",
    "Wallet Address": "0x10C4d4b3c3b52a69d1D2f87bF7fcd6c66f51cd91",
    "TAG": "Monthly Rewards (feedback)",
    "Giza Points": 50
  },
  {
    "Discord ID": "@denis__reva",
    "Wallet Address": "0x44B35701806Fa3CB65ad7352e9FC5e5aFa322579",
    "TAG": "Monthly Rewards (feedback)",
    "Giza Points": 50
  },
  {
    "Discord ID": "@uniloc.",
    "Wallet Address": "0x6b829179CE2d8Cf88a6DF95137e5599330E89E21",
    "TAG": "Monthly Rewards (feedback)",
    "Giza Points": 50
  },
  {
    "Discord ID": "@investingdams",
    "Wallet Address": "0x0147A2D38AcC12B88432F49B9A1dAc86f6793220",
    "TAG": "Monthly Rewards (feedback)",
    "Giza Points": 50
  },
  {
    "Discord ID": "@willihataway22",
    "Wallet Address": "0x9d8fCFE97Ff0D25545C43115e8F39927Dc7936C6",
    "TAG": "Monthly Rewards (feedback)",
    "Giza Points": 50
  },
  {
    "Discord ID": "countrycousin",
    "Wallet Address": "0x05060aB771834Cd3f69733ffbb9795E6231D815b",
    "TAG": "Engage",
    "Giza Points": 20
  },
  {
    "Discord ID": "couragedefi",
    "Wallet Address": "0x6439f5d99c85a66a3de6d2cee73ccc4e2b011aee",
    "TAG": "Engage",
    "Giza Points": 20
  },
  {
    "Discord ID": "greenzombie",
    "Wallet Address": "0x4266fd6fc140c48c1130c5ce5313fa827e6c0dfa",
    "TAG": "Engage",
    "Giza Points": 20
  },
  {
    "Discord ID": "@dadou13",
    "Wallet Address": "0x8f834b0c0f8828be9de100354e8600b4ec1d72a8",
    "TAG": "Content Champion",
    "Giza Points": 40
  },
  {
    "Discord ID": "@Alooooga",
    "Wallet Address": "0xfbC6195c6F2ED6Db9b58b1c3fcc08F4798a1A92b",
    "TAG": "Content Champion",
    "Giza Points": 40
  },
  {
    "Discord ID": "@Alooooga",
    "Wallet Address": "0xfbC6195c6F2ED6Db9b58b1c3fcc08F4798a1A92b",
    "TAG": "Meme Master",
    "Giza Points": 20
  },
  {
    "Discord ID": "myth8445",
    "Wallet Address": "0xc2b5f67dA9F6A57469441F76c2f47982c6684c00",
    "TAG": "Meme Master",
    "Giza Points": 20
  },
  {
    "Discord ID": "@rifkiwiliam313",
    "Wallet Address": "0x7C817F5E30aa68DB39B6130E7cA247C5C4746084",
    "TAG": "Meme Master",
    "Giza Points": 20
  },
  {
    "Discord ID": "vealai",
    "Wallet Address": "0x16e175a2906d70DbEe68Ef225a5bA7236fD75286",
    "TAG": "FeedBack",
    "Giza Points": 40
  },
  {
    "Discord ID": "hodleng",
    "Wallet Address": "0x74158375Fa0CCe7EDf469F426e0a5B03dDA278a6",
    "TAG": "Weekly Giveaway",
    "Giza Points": 40
  },
  {
    "Discord ID": "cybertradr",
    "Wallet Address": "0x93Ee59B236fD1Af89619B3B420E4F96718EFE1fa",
    "TAG": "Weekly Giveaway",
    "Giza Points": 40
  },
  {
    "Discord ID": "haenucez",
    "Wallet Address": "0xC021e1e995F49BaF0A7C31E5f0364092063C40D8",
    "TAG": "Content Champion",
    "Giza Points": 40
  },
  {
    "Discord ID": "@Alooooga",
    "Wallet Address": "0xfbC6195c6F2ED6Db9b58b1c3fcc08F4798a1A92b",
    "TAG": "Content Champion",
    "Giza Points": 40
  },
  {
    "Discord ID": "myth8445",
    "Wallet Address": "0xc2b5f67dA9F6A57469441F76c2f47982c6684c00",
    "TAG": "Meme Master",
    "Giza Points": 20
  },
  {
    "Discord ID": "@jacquie",
    "Wallet Address": "0x7d512e79039d188973488a1d3f68a5473f937e6e",
    "TAG": "Meme Master",
    "Giza Points": 20
  },
  {
    "Discord ID": "daemor",
    "Wallet Address": "0x1aDdb109E38f29AdB8dF6c576Eb47c2159645d7e",
    "TAG": "FeedBack",
    "Giza Points": 40
  },
  {
    "Discord ID": "daemor",
    "Wallet Address": "0x1aDdb109E38f29AdB8dF6c576Eb47c2159645d7e",
    "TAG": "Weekly Giveaway",
    "Giza Points": 40
  },
  {
    "Discord ID": "@ssouka",
    "Wallet Address": "0x40aa4017954a22139919423Cf8E15324DD0202De",
    "TAG": "Weekly Giveaway",
    "Giza Points": 40
  },
  {
    "Discord ID": "daemor",
    "Wallet Address": "0x1aDdb109E38f29AdB8dF6c576Eb47c2159645d7e",
    "TAG": "Poker",
    "Giza Points": 50
  },
  {
    "Discord ID": "hodleng",
    "Wallet Address": "0x74158375Fa0CCe7EDf469F426e0a5B03dDA278a6",
    "TAG": "Poker",
    "Giza Points": 50
  },
  {
    "Discord ID": "uniloc.",
    "Wallet Address": "0x6b829179CE2d8Cf88a6DF95137e5599330E89E21",
    "TAG": "Poker",
    "Giza Points": 50
  },
  {
    "Discord ID": "robiwone",
    "Wallet Address": "0x82BA907f0F242d85b9a56458A0852Cdbf9aCE457",
    "TAG": "Engage",
    "Giza Points": 20
  },
  {
    "Discord ID": "@Alooooga",
    "Wallet Address": "0xfbC6195c6F2ED6Db9b58b1c3fcc08F4798a1A92b",
    "TAG": "Engage",
    "Giza Points": 20
  },
  {
    "Discord ID": "@tung6913",
    "Wallet Address": "0x4ed718cbed23fcb423e5eea37e22519ebfde8b56",
    "TAG": "Engage",
    "Giza Points": 20
  },
  {
    "Discord ID": "uniloc",
    "Wallet Address": "0x6b829179CE2d8Cf88a6DF95137e5599330E89E21",
    "TAG": "GeoGuessr Event",
    "Giza Points": 90
  },
  {
    "Discord ID": "Mythage",
    "Wallet Address": "0xc2b5f67dA9F6A57469441F76c2f47982c6684c00",
    "TAG": "GeoGuessr Event",
    "Giza Points": 60
  },
  {
    "Discord ID": "Vyxoz",
    "Wallet Address": "0xBfA7349abbaa600bbEDAD185f7B08229d38E1f2D",
    "TAG": "GeoGuessr Event",
    "Giza Points": 10
  },
  {
    "Discord ID": "CyrptoNomade",
    "Wallet Address": "0x05b5BBc2A62D4C08C842b7112820bDec352c4F31",
    "TAG": "GeoGuessr Event",
    "Giza Points": 10
  },
  {
    "Discord ID": "eega5247",
    "Wallet Address": "0x9a0F62b9A86187A03f4459D3130e9792eEE8aEB9",
    "TAG": "GeoGuessr Event",
    "Giza Points": 10
  },
  {
    "Discord ID": "Greenzombie",
    "Wallet Address": "0x4266fd6fc140c48c1130c5ce5313fa827e6c0dfa",
    "TAG": "Emoji Contest",
    "Giza Points": 160
  },
  {
    "Discord ID": "dadou13",
    "Wallet Address": "0x8f834b0c0f8828be9de100354e8600b4ec1d72a8",
    "TAG": "Emoji Contest",
    "Giza Points": 160
  },
  {
    "Discord ID": "CharlesAnt",
    "Wallet Address": "0x59bA902861dbEAdB8bcdFd6096292169B3310f15",
    "TAG": "Emoji Contest",
    "Giza Points": 20
  },
  {
    "Discord ID": "bob88",
    "Wallet Address": "0xa78Ee8Ffc49C33D6Ae678e393986acff253C252e",
    "TAG": "Emoji Contest",
    "Giza Points": 20
  },
  {
    "Discord ID": "Mythage",
    "Wallet Address": "0xc2b5f67dA9F6A57469441F76c2f47982c6684c00",
    "TAG": "Emoji Contest",
    "Giza Points": 20
  },
  {
    "Discord ID": "wolfgang",
    "Wallet Address": "0x18f580129709d1d84ad25de2436467246ca9875c",
    "TAG": "Emoji Contest",
    "Giza Points": 20
  },
  {
    "Discord ID": "rockygp",
    "Wallet Address": "0xbA86E23E64828781A43b71647cC2D2a32BfE8890",
    "TAG": "Emoji Contest",
    "Giza Points": 20
  },
  {
    "Discord ID": "investingdams",
    "Wallet Address": "0x0147A2D38AcC12B88432F49B9A1dAc86f6793220",
    "TAG": "Emoji Contest",
    "Giza Points": 20
  },
  {
    "Discord ID": "Vyxoz",
    "Wallet Address": "0xBfA7349abbaa600bbEDAD185f7B08229d38E1f2D",
    "TAG": "Emoji Contest",
    "Giza Points": 20
  },
  {
    "Discord ID": "@al3x6274",
    "Wallet Address": "0xC5ecE8a90f4BBF5865662E715A92C74F9bB410A7",
    "TAG": "ARMA Deposit & Hodl",
    "Giza Points": 250
  },
  {
    "Discord ID": "@flax_man",
    "Wallet Address": "0xe9046C3ce344f442caEf7B3c3d6e9D4b0F666E51",
    "TAG": "ARMA Deposit & Hodl",
    "Giza Points": 250
  },
  {
    "Discord ID": "@subscribio",
    "Wallet Address": "0xBCcaAAf7d493FEbb7593c127D3BcC3612cB8E37A",
    "TAG": "ARMA Deposit & Hodl",
    "Giza Points": 250
  },
  {
    "Discord ID": "@bob887880",
    "Wallet Address": "0xa78Ee8Ffc49C33D6Ae678e393986acff253C252e",
    "TAG": "ARMA Deposit & Hodl",
    "Giza Points": 250
  },
  {
    "Discord ID": "@renbague",
    "Wallet Address": "0xe79eCE09C4240DcB3d632585dF427D824223FD04",
    "TAG": "ARMA Deposit & Hodl",
    "Giza Points": 250
  },
  {
    "Discord ID": "@investingdams",
    "Wallet Address": "0x0147A2D38AcC12B88432F49B9A1dAc86f6793220",
    "TAG": "ARMA Deposit & Hodl",
    "Giza Points": 250
  },
  {
    "Discord ID": "@hodleng",
    "Wallet Address": "0x74158375Fa0CCe7EDf469F426e0a5B03dDA278a6",
    "TAG": "ARMA Deposit & Hodl",
    "Giza Points": 250
  },
  {
    "Discord ID": "@n0name.r",
    "Wallet Address": "0x241aC81d1999D4D78bba8D9397dF09a012D0d895",
    "TAG": "ARMA Deposit & Hodl",
    "Giza Points": 250
  },
  {
    "Discord ID": "@skylar0110",
    "Wallet Address": "0x79041fAaEA8b82e160C1d5630fE591D4312FE3c8",
    "TAG": "ARMA Deposit & Hodl",
    "Giza Points": 250
  },
  {
    "Discord ID": "@lordofruin1312",
    "Wallet Address": "0xf0d79bf2a025e2ad1585371df8d845e43ae1dcbe",
    "TAG": "ARMA Deposit & Hodl",
    "Giza Points": 250
  },
  {
    "Discord ID": "@lordofruin1312",
    "Wallet Address": "0x5b2bb85d4f009377c32a40a9a5fcb82d33d033c3",
    "TAG": "ARMA Deposit & Hodl",
    "Giza Points": 250
  },
  {
    "Discord ID": "@myth8445",
    "Wallet Address": "0xc2b5f67dA9F6A57469441F76c2f47982c6684c00",
    "TAG": "ARMA Deposit & Hodl",
    "Giza Points": 250
  },
  {
    "Discord ID": "@truly_yobez",
    "Wallet Address": "0x3aFEeFe5FC2c139a3adA00C78E93c75e0e2e4f93",
    "TAG": "ARMA Deposit & Hodl",
    "Giza Points": 250
  },
  {
    "Discord ID": "@myth8445",
    "Wallet Address": "0xc2b5f67dA9F6A57469441F76c2f47982c6684c00",
    "TAG": "ARMA Deposit & Hodl",
    "Giza Points": 250
  },
  {
    "Discord ID": "@walkebe",
    "Wallet Address": "0x191B86bc5631A5e91CEf723375e159Af2B6aF558",
    "TAG": "ARMA Deposit & Hodl",
    "Giza Points": 250
  },
  {
    "Discord ID": "@imnomade_73542",
    "Wallet Address": "0x05b5BBc2A62D4C08C842b7112820bDec352c4F31",
    "TAG": "ARMA Deposit & Hodl",
    "Giza Points": 250
  },
  {
    "Discord ID": "@pheonixscribe",
    "Wallet Address": "0x93Ee59B236fD1Af89619B3B420E4F96718EFE1fa",
    "TAG": "ARMA Deposit & Hodl",
    "Giza Points": 250
  },
  {
    "Discord ID": "@pedromnt",
    "Wallet Address": "0x7Cfe310b31C71C45a8141326Cb73F7e248a42bd1",
    "TAG": "ARMA Deposit & Hodl",
    "Giza Points": 250
  },
  {
    "Discord ID": "@kirua2150",
    "Wallet Address": "0xC4a70149330858Cd0F085E4cd81c10745c9130B1",
    "TAG": "ARMA Deposit & Hodl",
    "Giza Points": 250
  },
  {
    "Discord ID": "@oatcap",
    "Wallet Address": "0x2a2a2b7ba90391f91cb51766c67974d68b6478ae",
    "TAG": "ARMA Deposit & Hodl",
    "Giza Points": 250
  },
  {
    "Discord ID": "@cryptohighvol",
    "Wallet Address": "0xB625a2a5847368bBe0b719425b6eDC12f8ccAd58",
    "TAG": "ARMA Deposit & Hodl",
    "Giza Points": 250
  },
  {
    "Discord ID": "@uniloc.",
    "Wallet Address": "0x6b829179CE2d8Cf88a6DF95137e5599330E89E21",
    "TAG": "ARMA Deposit & Hodl",
    "Giza Points": 250
  },
  {
    "Discord ID": "@dadou13",
    "Wallet Address": "0x2b27D8E99f04f436EE5dC73ad66132d18361561B",
    "TAG": "ARMA Deposit & Hodl",
    "Giza Points": 250
  },
  {
    "Discord ID": "@tung99",
    "Wallet Address": "0x4ed718cbed23fcb423e5eea37e22519ebfde8b56",
    "TAG": "ARMA Deposit & Hodl",
    "Giza Points": 500
  },
  {
    "Discord ID": "@truly_yobez",
    "Wallet Address": "0x3aFEeFe5FC2c139a3adA00C78E93c75e0e2e4f93",
    "TAG": "ARMA Deposit & Hodl",
    "Giza Points": 250
  },
  {
    "Discord ID": "@airpull91",
    "Wallet Address": "0x471ac5f02c4cec7032206d686cc9450517f99d99",
    "TAG": "ARMA Deposit & Hodl",
    "Giza Points": 250
  },
  {
    "Discord ID": ",",
    "Wallet Address": "0x49526BEabb9b58D07787Ac429DD48a3c12e3ad9C",
    "TAG": "Content Sprint",
    "Giza Points": 50
  },
  {
    "Discord ID": "gitmoon101",
    "Wallet Address": "0x966aceda1a0653856Dd91322D108F66Ee90c4875",
    "TAG": "Content Sprint",
    "Giza Points": 40
  },
  {
    "Discord ID": "matbred",
    "Wallet Address": "0xd7EfA77F8353B0d61cb61FBB5B4436Da5D76B61f",
    "TAG": "Content Sprint",
    "Giza Points": 50
  },
  {
    "Discord ID": "investingdams",
    "Wallet Address": "0x0147A2D38AcC12B88432F49B9A1dAc86f6793220",
    "TAG": "Content Sprint",
    "Giza Points": 60
  },
  {
    "Discord ID": "0xsimony",
    "Wallet Address": "0x10C4d4b3c3b52a69d1D2f87bF7fcd6c66f51cd91",
    "TAG": "Content Sprint",
    "Giza Points": 60
  },
  {
    "Discord ID": "wilburnz",
    "Wallet Address": "0xBF3A4a6b6e186acC9B5e3a248991Ed7fF79BEcd9",
    "TAG": "Content Sprint",
    "Giza Points": 40
  },
  {
    "Discord ID": "ivan_crypton",
    "Wallet Address": "0xbE3E933A363c715E18c2457B6A6D3E1eb1D8F385",
    "TAG": "Content Sprint",
    "Giza Points": 40
  },
  {
    "Discord ID": "gnjusni",
    "Wallet Address": "Not provided",
    "TAG": "Content Sprint",
    "Giza Points": 40
  },
  {
    "Discord ID": "gabrielle26.",
    "Wallet Address": "0x5fdda7af5c313c29658536abe7ca825e249a9b75",
    "TAG": "Content Sprint",
    "Giza Points": 40
  },
  {
    "Discord ID": "dadou13",
    "Wallet Address": "0x8f834b0c0f8828be9de100354e8600b4ec1d72a8",
    "TAG": "Content Sprint",
    "Giza Points": 60
  },
  {
    "Discord ID": "teazy34",
    "Wallet Address": "0x698A00C4546432b2ad17629Ee68b95783800321D",
    "TAG": "Content Sprint",
    "Giza Points": 50
  },
  {
    "Discord ID": "shib10086",
    "Wallet Address": "0x4DfDcFa99fc797Ae23f9c2a391011E6D229aD04B",
    "TAG": "Content Sprint",
    "Giza Points": 40
  },
  {
    "Discord ID": "Raizo007",
    "Wallet Address": "0x28CDc250b45d4d6b40bb8291eE1d1097Aa81daf5",
    "TAG": "Content Sprint",
    "Giza Points": 40
  },
  {
    "Discord ID": "laoyu2564",
    "Wallet Address": "0x788b3045cC21eb4219a176F95C7df5424B48FF14",
    "TAG": "Content Sprint",
    "Giza Points": 40
  },
  {
    "Discord ID": "arpeking",
    "Wallet Address": "0x8494d7675e474c2FDBDc3EdAdC39A26109284894",
    "TAG": "Content Sprint",
    "Giza Points": 40
  },
  {
    "Discord ID": "rockygp.",
    "Wallet Address": "0xbA86E23E64828781A43b71647cC2D2a32BfE8890",
    "TAG": "Content Sprint",
    "Giza Points": 40
  },
  {
    "Discord ID": "imnomade_73542",
    "Wallet Address": "0x05b5BBc2A62D4C08C842b7112820bDec352c4F31",
    "TAG": "Content Sprint",
    "Giza Points": 40
  },
  {
    "Discord ID": "spy4ok",
    "Wallet Address": "Not provided",
    "TAG": "Content Sprint",
    "Giza Points": 30
  },
  {
    "Discord ID": "khanialire71239",
    "Wallet Address": "Not provided",
    "TAG": "Content Sprint",
    "Giza Points": 20
  },
  {
    "Discord ID": "phoenixscribe",
    "Wallet Address": "0x93Ee59B236fD1Af89619B3B420E4F96718EFE1fa",
    "TAG": "Content Sprint",
    "Giza Points": 20
  },
  {
    "Discord ID": "when_tge",
    "Wallet Address": "Not provided",
    "TAG": "Content Sprint",
    "Giza Points": 20
  },
  {
    "Discord ID": "mihalis.defi",
    "Wallet Address": "Not provided",
    "TAG": "Content Sprint",
    "Giza Points": 20
  },
  {
    "Discord ID": "vyxoz",
    "Wallet Address": "0xBfA7349abbaa600bbEDAD185f7B08229d38E1f2D",
    "TAG": "Content Sprint",
    "Giza Points": 20
  },
  {
    "Discord ID": "readonly",
    "Wallet Address": "Not provided",
    "TAG": "Content Sprint",
    "Giza Points": 20
  },
  {
    "Discord ID": "0xYelf",
    "Wallet Address": "Not provided",
    "TAG": "Content Sprint",
    "Giza Points": 20
  },
  {
    "Discord ID": "fantomlr",
    "Wallet Address": "0x207Fc7795211cac1444BfD84374FbA6821BA6213",
    "TAG": "Set It & Forget It",
    "Giza Points": 10
  },
  {
    "Discord ID": "RifkiWilliam",
    "Wallet Address": "0x7C817F5E30aa68DB39B6130E7cA247C5C4746084",
    "TAG": "Set It & Forget It",
    "Giza Points": 10
  },
  {
    "Discord ID": "maxong2003",
    "Wallet Address": "0xb991175200a225f124c7bb820751411144d03552",
    "TAG": "Set It & Forget It",
    "Giza Points": 10
  },
  {
    "Discord ID": "flax_man",
    "Wallet Address": "0xe9046C3ce344f442caEf7B3c3d6e9D4b0F666E51",
    "TAG": "Set It & Forget It",
    "Giza Points": 10
  },
  {
    "Discord ID": "myth8445",
    "Wallet Address": "0xc2b5f67dA9F6A57469441F76c2f47982c6684c00",
    "TAG": "Oracle Month #1",
    "Giza Points": 1000
  },
  {
    "Discord ID": "0xsimony",
    "Wallet Address": "0x10C4d4b3c3b52a69d1D2f87bF7fcd6c66f51cd91",
    "TAG": "Oracle Month #1",
    "Giza Points": 1000
  },
  {
    "Discord ID": "gabrielle26.",
    "Wallet Address": "0x5fdda7af5c313c29658536abe7ca825e249a9b75",
    "TAG": "Oracle Month #1",
    "Giza Points": 1000
  },
  {
    "Discord ID": "uniloc.",
    "Wallet Address": "0x6b829179CE2d8Cf88a6DF95137e5599330E89E21",
    "TAG": "Oracle Month #1",
    "Giza Points": 1000
  },
  {
    "Discord ID": "teazy34",
    "Wallet Address": "0x698A00C4546432b2ad17629Ee68b95783800321D",
    "TAG": "Oracle Month #1",
    "Giza Points": 1000
  },
  {
    "Discord ID": "countrycousin6",
    "Wallet Address": "0x05060aB771834Cd3f69733ffbb9795E6231D815b",
    "TAG": "Oracle Month #1",
    "Giza Points": 1000
  },
  {
    "Discord ID": "rifkiwilliam313",
    "Wallet Address": "0x7C817F5E30aa68DB39B6130E7cA247C5C4746084",
    "TAG": "Oracle Month #1",
    "Giza Points": 1000
  },
  {
    "Discord ID": "charlesant",
    "Wallet Address": "0x59bA902861dbEAdB8bcdFd6096292169B3310f15",
    "TAG": "Oracle Month #1",
    "Giza Points": 1000
  },
  {
    "Discord ID": ".3aces",
    "Wallet Address": "0x4F32689ea73E087c5Ab494306AC36a24B3f220DC",
    "TAG": "Oracle Month #1",
    "Giza Points": 1000
  },
  {
    "Discord ID": "imnomade_73542",
    "Wallet Address": "0x05b5BBc2A62D4C08C842b7112820bDec352c4F31",
    "TAG": "Oracle Month #1",
    "Giza Points": 1000
  },
  {
    "Discord ID": "br33zybail",
    "Wallet Address": "0x9d57fA8d8F66506E45342908AfAcAE592E3c2DA5",
    "TAG": "Oracle Month #1",
    "Giza Points": 1000
  },
  {
    "Discord ID": "chironthetrader",
    "Wallet Address": "0x74B0A6d8C90f284C4798DD0294f064137cF9b514",
    "TAG": "Oracle Month #1",
    "Giza Points": 1000
  },
  {
    "Discord ID": "dadou13",
    "Wallet Address": "0x8f834b0c0f8828be9de100354e8600b4ec1d72a8",
    "TAG": "Oracle Month #1",
    "Giza Points": 1000
  },
  {
    "Discord ID": "investingdams",
    "Wallet Address": "0x0147A2D38AcC12B88432F49B9A1dAc86f6793220",
    "TAG": "Oracle Month #1",
    "Giza Points": 1000
  },
  {
    "Discord ID": "willihataway22",
    "Wallet Address": "0x9d8fCFE97Ff0D25545C43115e8F39927Dc7936C6",
    "TAG": "Oracle Month #1",
    "Giza Points": 1000
  },
  {
    "Discord ID": "bartolopierdolo",
    "Wallet Address": "0x2ad7e42594e15f3d11892d6a0c737045465b9139",
    "TAG": "Oracle Month #1",
    "Giza Points": 1000
  },
  {
    "Discord ID": "Bboat",
    "Wallet Address": "0xC8BaeB428b9afA07DB04201f826B267cA379c0Fb",
    "TAG": "Oracle Month #1",
    "Giza Points": 1000
  },
  {
    "Discord ID": "bboat",
    "Wallet Address": "0xC8BaeB428b9afA07DB04201f826B267cA379c0Fb",
    "TAG": "Scribe Month #1",
    "Giza Points": 200
  },
  {
    "Discord ID": "ngong150",
    "Wallet Address": "0x20b29b573c731b9416d10d02ff2b247d8b2f92d0",
    "TAG": "Scribe Month #1",
    "Giza Points": 200
  },
  {
    "Discord ID": "ivan_crypton",
    "Wallet Address": "0xbE3E933A363c715E18c2457B6A6D3E1eb1D8F385",
    "TAG": "Scribe Month #1",
    "Giza Points": 200
  },
  {
    "Discord ID": "kurogawa_ashaf",
    "Wallet Address": "0xebf1fCdE2624827D9d60A9bBdBA91B557c2c6707",
    "TAG": "Scribe Month #1",
    "Giza Points": 200
  },
  {
    "Discord ID": "encore94",
    "Wallet Address": "0x17736ded6d80472e94db70095D87118BfDD682Fd",
    "TAG": "Scribe Month #1",
    "Giza Points": 200
  },
  {
    "Discord ID": "sosna.1",
    "Wallet Address": "0x6e91973dee716ed6859e7bb689c9bd2955bdb96e",
    "TAG": "Scribe Month #1",
    "Giza Points": 200
  },
  {
    "Discord ID": "@Elias",
    "Wallet Address": "0x0f4F58220a75538Fb38b2dc87e87f464b1016736",
    "TAG": "Scribe Month #2",
    "Giza Points": 200
  },
  {
    "Discord ID": "@bob88",
    "Wallet Address": "0xa78Ee8Ffc49C33D6Ae678e393986acff253C252e",
    "TAG": "Scribe Month #2",
    "Giza Points": 200
  },
  {
    "Discord ID": "@Neez",
    "Wallet Address": "0xC021e1e995F49BaF0A7C31E5f0364092063C40D8",
    "TAG": "Scribe Month #2",
    "Giza Points": 200
  },
  {
    "Discord ID": "@KDubb",
    "Wallet Address": "0x7161E23310963fbb22452953D5737cF6b0D85e73",
    "TAG": "Scribe Month #2",
    "Giza Points": 200
  },
  {
    "Discord ID": "@jacquie",
    "Wallet Address": "0x7d512e79039d188973488a1d3f68a5473f937e6e",
    "TAG": "Scribe Month #2",
    "Giza Points": 200
  },
  {
    "Discord ID": "@Goredbomer",
    "Wallet Address": "0x5c8b80428ada9e438bcb2a5ee0c93000c745b706",
    "TAG": "Scribe Month #2",
    "Giza Points": 200
  },
  {
    "Discord ID": "cybertradr",
    "Wallet Address": "0x93Ee59B236fD1Af89619B3B420E4F96718EFE1fa",
    "TAG": "Scribe Month #2",
    "Giza Points": 200
  },
  {
    "Discord ID": "couragedefi",
    "Wallet Address": "0x7a6036C222fD3BB41a0411a8C74e2e88903B6fB6",
    "TAG": "Scribe Month #2",
    "Giza Points": 200
  },
  {
    "Discord ID": "myth8445",
    "Wallet Address": "0xc2b5f67dA9F6A57469441F76c2f47982c6684c00",
    "TAG": "Pharaoh Month #1",
    "Giza Points": 400
  },
  {
    "Discord ID": "0xsimony",
    "Wallet Address": "0x10C4d4b3c3b52a69d1D2f87bF7fcd6c66f51cd91",
    "TAG": "Pharaoh Month #1",
    "Giza Points": 400
  },
  {
    "Discord ID": "gabrielle26.",
    "Wallet Address": "0x5fdda7af5c313c29658536abe7ca825e249a9b75",
    "TAG": "Pharaoh Month #1",
    "Giza Points": 400
  },
  {
    "Discord ID": "cybertradr",
    "Wallet Address": "0x93Ee59B236fD1Af89619B3B420E4F96718EFE1fa",
    "TAG": "Pharaoh Month #1",
    "Giza Points": 400
  },
  {
    "Discord ID": "teazy34",
    "Wallet Address": "0x698A00C4546432b2ad17629Ee68b95783800321D",
    "TAG": "Pharaoh Month #1",
    "Giza Points": 400
  },
  {
    "Discord ID": "countrycousin6",
    "Wallet Address": "0x05060aB771834Cd3f69733ffbb9795E6231D815b",
    "TAG": "Pharaoh Month #1",
    "Giza Points": 400
  },
  {
    "Discord ID": "wilburnz",
    "Wallet Address": "0xbf3a4a6b6e186acc9b5e3a248991ed7ff79becd9",
    "TAG": "Pharaoh Month #1",
    "Giza Points": 400
  },
  {
    "Discord ID": "charlesant",
    "Wallet Address": "0x59bA902861dbEAdB8bcdFd6096292169B3310f15",
    "TAG": "Pharaoh Month #1",
    "Giza Points": 400
  },
  {
    "Discord ID": ".3aces",
    "Wallet Address": "0x4F32689ea73E087c5Ab494306AC36a24B3f220DC",
    "TAG": "Pharaoh Month #1",
    "Giza Points": 400
  },
  {
    "Discord ID": "imnomade_73542",
    "Wallet Address": "0x05b5BBc2A62D4C08C842b7112820bDec352c4F31",
    "TAG": "Pharaoh Month #1",
    "Giza Points": 400
  },
  {
    "Discord ID": "br33zybail",
    "Wallet Address": "0x9d57fA8d8F66506E45342908AfAcAE592E3c2DA5",
    "TAG": "Pharaoh Month #1",
    "Giza Points": 400
  },
  {
    "Discord ID": "chironthetrader",
    "Wallet Address": "0x74B0A6d8C90f284C4798DD0294f064137cF9b514",
    "TAG": "Pharaoh Month #1",
    "Giza Points": 400
  },
  {
    "Discord ID": "dadou13",
    "Wallet Address": "0x8f834b0c0f8828be9de100354e8600b4ec1d72a8",
    "TAG": "Pharaoh Month #1",
    "Giza Points": 400
  },
  {
    "Discord ID": "investingdams",
    "Wallet Address": "0x0147A2D38AcC12B88432F49B9A1dAc86f6793220",
    "TAG": "Pharaoh Month #1",
    "Giza Points": 400
  },
  {
    "Discord ID": "willihataway22",
    "Wallet Address": "0x9d8fCFE97Ff0D25545C43115e8F39927Dc7936C6",
    "TAG": "Pharaoh Month #1",
    "Giza Points": 400
  },
  {
    "Discord ID": "rifkiwilliam313",
    "Wallet Address": "0x7C817F5E30aa68DB39B6130E7cA247C5C4746084",
    "TAG": "Pharaoh Month #1",
    "Giza Points": 400
  },
  {
    "Discord ID": "uniloc.",
    "Wallet Address": "0x6b829179CE2d8Cf88a6DF95137e5599330E89E21",
    "TAG": "Pharaoh Month #1",
    "Giza Points": 400
  },
  {
    "Discord ID": "@LaMarinade",
    "Wallet Address": "0x9BAb459DAf6dde623CCDFf1ed9Bd72Bff030AE34",
    "TAG": "Pharaoh Month #2",
    "Giza Points": 400
  },
  {
    "Discord ID": "@hodleng",
    "Wallet Address": "0x74158375Fa0CCe7EDf469F426e0a5B03dDA278a6",
    "TAG": "Pharaoh Month #2",
    "Giza Points": 400
  },
  {
    "Discord ID": "@Robiwone",
    "Wallet Address": "0x82BA907f0F242d85b9a56458A0852Cdbf9aCE457",
    "TAG": "Pharaoh Month #2",
    "Giza Points": 400
  },
  {
    "Discord ID": "@Greenzombie",
    "Wallet Address": "0x4266fd6fc140c48c1130c5ce5313fa827e6c0dfa",
    "TAG": "Pharaoh Month #2",
    "Giza Points": 400
  },
  {
    "Discord ID": "@Alooooga",
    "Wallet Address": "0xfbC6195c6F2ED6Db9b58b1c3fcc08F4798a1A92b",
    "TAG": "Pharaoh Month #2",
    "Giza Points": 400
  },
  {
    "Discord ID": "@wolfgang",
    "Wallet Address": "0x18f580129709d1d84ad25de2436467246ca9875c",
    "TAG": "Pharaoh Month #2",
    "Giza Points": 400
  },
  {
    "Discord ID": "@souka",
    "Wallet Address": "0x40aa4017954a22139919423cf8e15324dd0202de",
    "TAG": "Pharaoh Month #2",
    "Giza Points": 400
  },
  {
    "Discord ID": "@etodhf",
    "Wallet Address": "0x4aa023ca41346cc2869ed4db7588fc58055074e9",
    "TAG": "Pharaoh Month #2",
    "Giza Points": 400
  },
  {
    "Discord ID": "@yobez",
    "Wallet Address": "0x3aFEeFe5FC2c139a3adA00C78E93c75e0e2e4f93",
    "TAG": "Pharaoh Month #2",
    "Giza Points": 400
  },
  {
    "Discord ID": "@Luffynance",
    "Wallet Address": "0x7700FbB6fb82c965dFB4Ea8f8DB8922669d747f2",
    "TAG": "Pharaoh Month #2",
    "Giza Points": 400
  },
  {
    "Discord ID": "@daemorO",
    "Wallet Address": "0x1addb109e38f29adb8df6c576eb47c2159645d7e",
    "TAG": "Pharaoh Month #2",
    "Giza Points": 400
  },
  {
    "Discord ID": "@rockygp",
    "Wallet Address": "0xbA86E23E64828781A43b71647cC2D2a32BfE8890",
    "TAG": "Pharaoh Month #2",
    "Giza Points": 400
  },
  {
    "Discord ID": "@denis_reva",
    "Wallet Address": "0x44B35701806Fa3CB65ad7352e9FC5e5aFa322579",
    "TAG": "Pharaoh Month #2",
    "Giza Points": 400
  },
  {
    "Discord ID": "@Alooooga",
    "Wallet Address": "0xfbC6195c6F2ED6Db9b58b1c3fcc08F4798a1A92b",
    "TAG": "Content Champion",
    "Giza Points": 40
  },
  {
    "Discord ID": "uniloc.",
    "Wallet Address": "0x6b829179CE2d8Cf88a6DF95137e5599330E89E21",
    "TAG": "Content Champion",
    "Giza Points": 40
  },
  {
    "Discord ID": "FrostedChair38",
    "Wallet Address": "0x1Cb72a053C1657203ab03d32365d59f9fC1ed405",
    "TAG": "Content Champion",
    "Giza Points": 40
  },
  {
    "Discord ID": "obymura",
    "Wallet Address": "0x5e73dB576902084f7B7Bc0c099eF6eedeFa20bf6",
    "TAG": "Content Champion",
    "Giza Points": 40
  },
  {
    "Discord ID": "@jacquie",
    "Wallet Address": "0x7d512e79039d188973488a1d3f68a5473f937e6e",
    "TAG": "Meme Master",
    "Giza Points": 20
  },
  {
    "Discord ID": "yoradoang",
    "Wallet Address": "0x3dD499559cF3F15d2e84A24adD21aeE49bBaD886",
    "TAG": "Meme Master",
    "Giza Points": 20
  },
  {
    "Discord ID": "myth8445",
    "Wallet Address": "0xc2b5f67dA9F6A57469441F76c2f47982c6684c00",
    "TAG": "FeedBack",
    "Giza Points": 40
  },
  {
    "Discord ID": "dadou13",
    "Wallet Address": "0x8f834b0c0f8828be9de100354e8600b4ec1d72a8",
    "TAG": "Weekly Giveaway",
    "Giza Points": 40
  },
  {
    "Discord ID": "willihataway22",
    "Wallet Address": "0x9d8fCFE97Ff0D25545C43115e8F39927Dc7936C6",
    "TAG": "Weekly Giveaway",
    "Giza Points": 40
  },
  {
    "Discord ID": "@souka",
    "Wallet Address": "0x40aa4017954a22139919423cf8e15324dd0202de",
    "TAG": "Engage",
    "Giza Points": 20
  },
  {
    "Discord ID": "@Greenzombie",
    "Wallet Address": "0x4266fd6fc140c48c1130c5ce5313fa827e6c0dfa",
    "TAG": "Engage",
    "Giza Points": 20
  },
  {
    "Discord ID": "couragedefi",
    "Wallet Address": "0x7a6036C222fD3BB41a0411a8C74e2e88903B6fB6",
    "TAG": "Engage",
    "Giza Points": 20
  },
  {
    "Discord ID": "@renbague",
    "Wallet Address": "0xe79eCE09C4240DcB3d632585dF427D824223FD04",
    "TAG": "Content Champion",
    "Giza Points": 40
  },
  {
    "Discord ID": "obymura",
    "Wallet Address": "0x5e73dB576902084f7B7Bc0c099eF6eedeFa20bf6",
    "TAG": "Content Champion",
    "Giza Points": 40
  },
  {
    "Discord ID": "@__altimate",
    "Wallet Address": "0x482111bb362B236FAbbeDc032BEEd126E9D168d0",
    "TAG": "Content Champion",
    "Giza Points": 40
  },
  {
    "Discord ID": "@jacquie",
    "Wallet Address": "0x7d512e79039d188973488a1d3f68a5473f937e6e",
    "TAG": "Meme Master",
    "Giza Points": 20
  },
  {
    "Discord ID": "myth8445",
    "Wallet Address": "0xc2b5f67dA9F6A57469441F76c2f47982c6684c00",
    "TAG": "Meme Master",
    "Giza Points": 20
  },
  {
    "Discord ID": "myth8445",
    "Wallet Address": "0xc2b5f67dA9F6A57469441F76c2f47982c6684c00",
    "TAG": "FeedBack",
    "Giza Points": 40
  },
  {
    "Discord ID": "@investingdams",
    "Wallet Address": "0x0147A2D38AcC12B88432F49B9A1dAc86f6793220",
    "TAG": "FeedBack",
    "Giza Points": 40
  },
  {
    "Discord ID": "@lordofruin1312",
    "Wallet Address": "0xf0d79bf2a025e2ad1585371df8d845e43ae1dcbe",
    "TAG": "Weekly Giveaway",
    "Giza Points": 40
  },
  {
    "Discord ID": "raizo007.",
    "Wallet Address": "0x7aB37A8B9484d3760c16F0502BF197EdBF0e6b9a",
    "TAG": "Weekly Giveaway",
    "Giza Points": 40
  },
  {
    "Discord ID": "@jacquie",
    "Wallet Address": "0x7d512e79039d188973488a1d3f68a5473f937e6e",
    "TAG": "Engage",
    "Giza Points": 20
  },
  {
    "Discord ID": "countrycousin6",
    "Wallet Address": "0x05060aB771834Cd3f69733ffbb9795E6231D815b",
    "TAG": "Engage",
    "Giza Points": 20
  },
  {
    "Discord ID": "@n0name.r",
    "Wallet Address": "0x241aC81d1999D4D78bba8D9397dF09a012D0d895",
    "TAG": "Engage",
    "Giza Points": 20
  }
]